{
      "anime2": {
            "Body": {
                  "End": [
                        [
                              -8.699999809265137,
                              -11.0,
                              -10.399999618530273
                        ],
                        [
                              -1.6059999465942383,
                              -1.343999981880188,
                              -1.6759999990463257
                        ],
                        [
                              1.0,
                              -9.600000381469727,
                              -3.5
                        ]
                  ],
                  "Start": [
                        [
                              0.0,
                              0.0,
                              0.0
                        ],
                        [
                              0.0,
                              0.0,
                              0.0
                        ],
                        [
                              0.0,
                              0.0,
                              0.0
                        ]
                  ]
            },
            "Head": {
                  "End": [
                        [
                              0.0,
                              2.0,
                              0.0
                        ],
                        [
                              0.0,
                              0.0,
                              0.0
                        ],
                        [
                              1.0,
                              1.0,
                              1.0
                        ]
                  ],
                  "Start": [
                        [
                              0.0,
                              2.0,
                              0.0
                        ],
                        [
                              0.0,
                              0.0,
                              0.0
                        ],
                        [
                              1.0,
                              1.0,
                              1.0
                        ]
                  ]
            },
            "LeftBottomArm": {
                  "End": [
                        [
                              0.0,
                              0.0,
                              0.0
                        ],
                        [
                              0.0,
                              0.0,
                              0.0
                        ],
                        [
                              1.0,
                              1.0,
                              1.0
                        ]
                  ],
                  "Start": [
                        [
                              0.0,
                              0.0,
                              0.0
                        ],
                        [
                              0.0,
                              0.0,
                              0.0
                        ],
                        [
                              1.0,
                              1.0,
                              1.0
                        ]
                  ]
            },
            "LeftBottomLeg": {
                  "End": [
                        [
                              10.199999809265137,
                              10.800000190734863,
                              12.199999809265137
                        ],
                        [
                              -2.1989998817443848,
                              -1.8329999446868896,
                              -2.9670000076293945
                        ],
                        [
                              1.0,
                              1.0,
                              1.0
                        ]
                  ],
                  "Start": [
                        [
                              -6.800000190734863,
                              -9.699999809265137,
                              -7.5
                        ],
                        [
                              0.0,
                              0.0,
                              0.0
                        ],
                        [
                              1.0,
                              1.0,
                              1.0
                        ]
                  ]
            },
            "LeftUpperArm": {
                  "End": [
                        [
                              0.0,
                              0.0,
                              0.0
                        ],
                        [
                              0.0,
                              0.0,
                              0.0
                        ],
                        [
                              1.0,
                              1.0,
                              1.0
                        ]
                  ],
                  "Start": [
                        [
                              0.0,
                              0.0,
                              0.0
                        ],
                        [
                              0.0,
                              0.0,
                              0.0
                        ],
                        [
                              1.0,
                              1.0,
                              1.0
                        ]
                  ]
            },
            "LeftUpperLeg": {
                  "End": [
                        [
                              0.0,
                              0.0,
                              0.0
                        ],
                        [
                              0.0,
                              0.0,
                              0.0
                        ],
                        [
                              1.0,
                              1.0,
                              1.0
                        ]
                  ],
                  "Start": [
                        [
                              0.0,
                              0.0,
                              0.0
                        ],
                        [
                              0.0,
                              0.0,
                              0.0
                        ],
                        [
                              1.0,
                              1.0,
                              1.0
                        ]
                  ]
            },
            "RightBottomArm": {
                  "End": [
                        [
                              0.0,
                              0.0,
                              0.0
                        ],
                        [
                              0.0,
                              0.0,
                              0.0
                        ],
                        [
                              1.0,
                              1.0,
                              1.0
                        ]
                  ],
                  "Start": [
                        [
                              0.0,
                              0.0,
                              0.0
                        ],
                        [
                              0.0,
                              0.0,
                              0.0
                        ],
                        [
                              1.0,
                              1.0,
                              1.0
                        ]
                  ]
            },