{
      "run": {
            "Body": {
                  "End": [
                        [
                              0.0,
                              4.599999904632568,
                              0.0
                        ],
                        [
                              0.5759999752044678,
                              0.4000000059604645,
                              0.0
                        ],
                        [
                              1.0,
                              1.0,
                              1.0
                        ]
                  ],
                  "Start": [
                        [
                              0.0,
                              4.599999904632568,
                              0.0
                        ],
                        [
                              0.5759999752044678,
                              -0.4009999930858612,
                              0.0
                        ],
                        [
                              1.0,
                              1.0,
                              1.0
                        ]
                  ]
            },
            "Head": {
                  "End": [
                        [
                              0.0,
                              6.699999809265137,
                              1.399999976158142
                        ],
                        [
                              0.5759999752044678,
                              0.0,
                              0.0
                        ],
                        [
                              1.0,
                              1.0,
                              1.0
                        ]
                  ],
                  "Start": [
                        [
                              0.0,
                              6.699999809265137,
                              1.399999976158142
                        ],
                        [
                              0.5759999752044678,
                              0.0,
                              0.0
                        ],
                        [
                              1.0,
                              1.0,
                              1.0
                        ]
                  ]
            },
            "LeftBottomArm": {
                  "End": [
                        [
                              0.0,
                              -1.7999999523162842,
                              0.0
                        ],
                        [
                              -1.4500000476837158,
                              0.0,
                              0.0
                        ],
                        [
                              1.0,
                              1.0,
                              1.0
                        ]
                  ],
                  "Start": [
                        [
                              0.0,
                              -1.7999999523162842,
                              0.0
                        ],
                        [
                              -1.4500000476837158,
                              0.0,
                              0.0
                        ],
                        [
                              1.0,
                              1.0,
                              1.0
                        ]
                  ]
            },
            "LeftBottomLeg": {
                  "End": [
                        [
                              0.0,
                              -1.7999999523162842,
                              0.0
                        ],
                        [
                              1.2740000486373901,
                              0.0,
                              0.0
                        ],
                        [
                              1.0,
                              1.0,
                              1.0
                        ]
                  ],
                  "Start": [
                        [
                              0.0,
                              -1.7999999523162842,
                              0.0
                        ],
                        [
                              0.0,
                              0.0,
                              0.0
                        ],
                        [
                              1.0,
                              1.0,
                              1.0
                        ]
                  ]
            },
            "LeftUpperArm": {
                  "End": [
                        [
                              -2.0,
                              1.600000023841858,
                              0.0
                        ],
                        [
                              -0.6000000238418579,
                              0.0,
                              0.0
                        ],
                        [
                              1.0,
                              1.0,
                              1.0
                        ]
                  ],
                  "Start": [
                        [
                              -2.0,
                              1.600000023841858,
                              0.0
                        ],
                        [
                              1.100000023841858,
                              0.0,
                              0.0
                        ],
                        [
                              1.0,
                              1.0,
                              1.0
                        ]
                  ]
            },
            "LeftUpperLeg": {
                  "End": [
                        [
                              0.6000000238418579,
                              -1.0,
                              0.0
                        ],
                        [
                              -1.600000023841858,
                              0.0,
                              0.0
                        ],
                        [
                              1.0,
                              1.0,
                              1.0
                        ]
                  ],
                  "Start": [
                        [
                              0.6000000238418579,
                              -1.0,
                              0.0
                        ],
                        [
                              0.0,
                              0.0,
                              0.0
                        ],
                        [
                              1.0,
                              1.0,
                              1.0
                        ]
                  ]
            },
            "RightBottomArm": {
                  "End": [
                        [
                              0.0,
                              -1.7999999523162842,
                              0.0
                        ],
                        [
                              0.0,
                              0.0,
                              1.4500000476837158
                        ],
                        [
                              1.0,
                              1.0,
                              1.0
                        ]
                  ],