{
      "run": {
            "Body": {
                  "End": [
                        [
                              0.0,
                              3.799999952316284,
                              0.0
                        ],
                        [
                              0.5759999752044678,
                              0.4000000059604645,
                              0.0
                        ],
                        [
                              1.0,
                              1.0,
                              1.0
                        ]
                  ],
                  "Middle": [
                        [
                              0.0,
                              3.5999999046325684,
                              0.0
                        ],
                        [
                              0.5759999752044678,
                              0.0,
                              0.0
                        ],
                        [
                              1.0,
                              1.0,
                              1.0
                        ]
                  ],
                  "Start": [
                        [
                              0.0,
                              3.799999952316284,
                              0.0
                        ],
                        [
                              0.5759999752044678,
                              -0.4009999930858612,
                              0.0
                        ],
                        [
                              1.0,
                              1.0,
                              1.0
                        ]
                  ]
            },
            "Head": {
                  "End": [
                        [
                              0.10000000149011612,
                              5.699999809265137,
                              1.399999976158142
                        ],
                        [
                              0.5759999752044678,
                              0.0,
                              0.0
                        ],
                        [
                              1.0,
                              1.0,
                              1.0
                        ]
                  ],
                  "Middle": [
                        [
                              -0.10000000149011612,
                              5.5,
                              1.399999976158142
                        ],
                        [
                              0.5759999752044678,
                              0.0,
                              0.0
                        ],
                        [
                              1.0,
                              1.0,
                              1.0
                        ]
                  ],
                  "Start": [
                        [
                              -0.30000001192092896,
                              5.699999809265137,
                              1.399999976158142
                        ],
                        [
                              0.5759999752044678,
                              0.0,
                              0.0
                        ],
                        [
                              1.0,
                              1.0,
                              1.0
                        ]
                  ]
            },
            "LeftBottomArm": {
                  "End": [
                        [
                              0.0,
                              -1.7999999523162842,
                              0.0
                        ],
                        [
                              -1.2000000476837158,
                              0.0,
                              0.0
                        ],
                        [
                              1.0,
                              1.0,
                              1.0
                        ]
                  ],
                  "Middle": [
                        [
                              0.0,
                              -1.7999999523162842,
                              0.0
                        ],
                        [
                              -0.800000011920929,
                              0.0,
                              0.0
                        ],
                        [
                              1.0,
                              1.0,
                              1.0
                        ]
                  ],
                  "Start": [
                        [
                              0.0,
                              -1.7999999523162842,
                              0.0
                        ],
                        [
                              -0.4000000059604645,
                              0.0,
                              0.0
                        ],
                        [
                              1.0,
                              1.0,
                              1.0
                        ]
                  ]
            },
            "LeftBottomLeg": {
                  "End": [
                        [
                              0.0,
                              -1.7999999523162842,
                              0.0
                        ],
                        [
                              0.8500000238418579,
                              0.0,
                              0.0
                        ],
                        [
                              1.0,
                              1.0,
                              1.0
                        ]
                  ],
                  "Middle": [
                        [
                              0.0,
                              -1.7999999523162842,
                              0.0
                        ],
                        [
                              1.2740000486373901,
                              0.0,
                              0.0
                        ],
                        [
                              1.0,
                              1.0,
                              1.0
                        ]
                  ],
                  "Start": [
                        [
                              0.0,
                              -1.7999999523162842,
                              0.0
                        ],
                        [
                              0.8500000238418579,
                              0.0,
                              0.0
                        ],
                        [
                              1.0,
                              1.0,
                              1.0
                        ]
                  ]
            },
            "LeftUpperArm": {
                  "End": [
                        [
                              -2.0,
                              1.600000023841858,
                              0.0
                        ],
                        [
                              -1.7000000476837158,
                              0.0,
                              0.0
                        ],
                        [
                              1.0,
                              1.0,
                              1.0
                        ]
                  ],